{"v":"5.5.9","fr":30,"ip":0,"op":90,"w":400,"h":400,"nm":"Comp 2","ddd":0,"assets":[{"id":"comp_0","layers":[{"ddd":0,"ind":1,"ty":1,"nm":"Yellow Solid 1","sr":1,"ks":{"o":{"a":0,"k":100,"ix":11},"r":{"a":0,"k":0,"ix":10},"p":{"a":0,"k":[200,200,0],"ix":2},"a":{"a":0,"k":[200,200,0],"ix":1},"s":{"a":0,"k":[100,100,100],"ix":6}},"ao":0,"hasMask":true,"masksProperties":[{"inv":false,"mode":"f","pt":{"a":0,"k":{"i":[[0.481,0],[0,0],[0,0],[0,0]],"o":[[0,0],[0,0],[0,0],[-0.479,0.007]],"v":[[200.163,291.993],[200.163,231.993],[200.721,231.988],[201.603,291.982]],"c":true},"ix":1},"o":{"a":0,"k":100,"ix":3},"x":{"a":0,"k":0,"ix":4},"nm":"Mask 1"},{"inv":false,"mode":"f","pt":{"a":0,"k":{"i":[[0,0],[0.454,0.2],[0,0],[0,0]],"o":[[-0.458,-0.193],[0,0],[0,0],[0,0]],"v":[[164.46,284.801],[163.093,284.211],[187.281,229.303],[187.743,229.503]],"c":true},"ix":1},"o":{"a":0,"k":100,"ix":3},"x":{"a":0,"k":0,"ix":4},"nm":"Mask 2"},{"inv":false,"mode":"f","pt":{"a":0,"k":{"i":[[0.43,-0.21],[0,0],[0,0],[0,0]],"o":[[0,0],[0,0],[0,0],[-0.426,0.215]],"v":[[240.355,282.765],[214.084,228.822],[214.596,228.568],[241.639,282.128]],"c":true},"ix":1},"o":{"a":0,"k":100,"ix":3},"x":{"a":0,"k":0,"ix":4},"nm":"Mask 3"},{"inv":false,"mode":"f","pt":{"a":0,"k":{"i":[[0,0],[0.304,0.356],[0,0],[0,0]],"o":[[-0.309,-0.353],[0,0],[0,0],[0,0]],"v":[[131.02,260.685],[130.101,259.622],[175.773,220.711],[176.163,221.162]],"c":true},"ix":1},"o":{"a":0,"k":100,"ix":3},"x":{"a":0,"k":0,"ix":4},"nm":"Mask 4"},{"inv":false,"mode":"f","pt":{"a":0,"k":{"i":[[0.288,-0.365],[0,0],[0,0],[0,0]],"o":[[0,0],[0,0],[0,0],[-0.283,0.37]],"v":[[272.4,256.968],[225.291,219.81],[225.661,219.334],[273.256,255.866]],"c":true},"ix":1},"o":{"a":0,"k":100,"ix":3},"x":{"a":0,"k":0,"ix":4},"nm":"Mask 5"},{"inv":false,"mode":"f","pt":{"a":0,"k":{"i":[[0,0],[0.126,0.489],[0,0],[0,0]],"o":[[-0.134,-0.486],[0,0],[0,0],[0,0]],"v":[[111.472,224.505],[111.082,223.044],[169.175,208.039],[169.301,208.51]],"c":true},"ix":1},"o":{"a":0,"k":100,"ix":3},"x":{"a":0,"k":0,"ix":4},"nm":"Mask 6"},{"inv":false,"mode":"f","pt":{"a":0,"k":{"i":[[0.104,-0.477],[0,0],[0,0],[0,0]],"o":[[0,0],[0,0],[0,0],[-0.098,0.48]],"v":[[290.034,219.731],[231.426,206.884],[231.536,206.361],[290.336,218.297]],"c":true},"ix":1},"o":{"a":0,"k":100,"ix":3},"x":{"a":0,"k":0,"ix":4},"nm":"Mask 7"},{"inv":false,"mode":"f","pt":{"a":0,"k":{"i":[[0,0],[0,0],[-0.095,0.478],[0,0]],"o":[[0,0],[0.088,-0.481],[0,0],[0,0]],"v":[[168.686,194.172],[109.664,183.385],[109.938,181.946],[168.787,193.646]],"c":true},"ix":1},"o":{"a":0,"k":100,"ix":3},"x":{"a":0,"k":0,"ix":4},"nm":"Mask 8"},{"inv":false,"mode":"f","pt":{"a":0,"k":{"i":[[0,0],[0,0],[0,0],[-0.121,-0.508]],"o":[[0,0],[0,0],[0.13,0.504],[0,0]],"v":[[231.285,192.486],[231.18,192.064],[289.284,177.098],[289.66,178.617]],"c":true},"ix":1},"o":{"a":0,"k":100,"ix":3},"x":{"a":0,"k":0,"ix":4},"nm":"Mask 9"},{"inv":false,"mode":"f","pt":{"a":0,"k":{"i":[[0,0],[0,0],[-0.295,0.389],[0,0]],"o":[[0,0],[0.29,-0.394],[0,0],[0,0]],"v":[[174.344,181.08],[126.019,145.519],[126.896,144.345],[174.663,180.655]],"c":true},"ix":1},"o":{"a":0,"k":100,"ix":3},"x":{"a":0,"k":0,"ix":4},"nm":"Mask 10"},{"inv":false,"mode":"f","pt":{"a":0,"k":{"i":[[0,0],[0,0],[0,0],[-0.297,-0.361]],"o":[[0,0],[0,0],[0.301,0.356],[0,0]],"v":[[224.945,179.745],[224.56,179.283],[270.4,140.57],[271.296,141.645]],"c":true},"ix":1},"o":{"a":0,"k":100,"ix":3},"x":{"a":0,"k":0,"ix":4},"nm":"Mask 11"},{"inv":false,"mode":"f","pt":{"a":0,"k":{"i":[[0,0],[0,0],[-0.45,0.229],[0,0]],"o":[[0,0],[0.445,-0.236],[0,0],[0,0]],"v":[[185.239,171.671],[157.149,118.653],[158.492,117.956],[185.675,171.445]],"c":true},"ix":1},"o":{"a":0,"k":100,"ix":3},"x":{"a":0,"k":0,"ix":4},"nm":"Mask 12"},{"inv":false,"mode":"f","pt":{"a":0,"k":{"i":[[0,0],[0,0],[0,0],[-0.455,-0.211]],"o":[[0,0],[0,0],[0.459,0.204],[0,0]],"v":[[213.544,170.909],[213.103,170.708],[237.439,115.865],[238.812,116.488]],"c":true},"ix":1},"o":{"a":0,"k":100,"ix":3},"x":{"a":0,"k":0,"ix":4},"nm":"Mask 13"},{"inv":false,"mode":"f","pt":{"a":0,"k":{"i":[[0,0],[0,0],[-0.497,0.009],[0,0]],"o":[[0,0],[0.495,-0.017],[0,0],[0,0]],"v":[[199.032,168.012],[197.007,108.046],[198.493,108.007],[199.545,167.998]],"c":true},"ix":1},"o":{"a":0,"k":100,"ix":3},"x":{"a":0,"k":0,"ix":4},"nm":"Mask 14"}],"sw":400,"sh":400,"sc":"#ccff00","ip":0,"op":60,"st":0,"bm":0}]}],"layers":[{"ddd":0,"ind":1,"ty":0,"nm":"burst","refId":"comp_0","sr":1,"ks":{"o":{"a":0,"k":100,"ix":11},"r":{"a":1,"k":[{"i":{"x":[0.833],"y":[0.833]},"o":{"x":[0.167],"y":[0.167]},"t":0,"s":[0]},{"t":59,"s":[-41]}],"ix":10},"p":{"a":0,"k":[200,200,0],"ix":2},"a":{"a":0,"k":[200,200,0],"ix":1},"s":{"a":0,"k":[100,100,100],"ix":6}},"ao":0,"hasMask":true,"masksProperties":[{"inv":false,"mode":"a","pt":{"a":0,"k":{"i":[[11.046,0],[0,-11.046],[-11.046,0],[0,11.046]],"o":[[-11.046,0],[0,11.046],[11.046,0],[0,-11.046]],"v":[[200,180],[180,200],[200,220],[220,200]],"c":true},"ix":1},"o":{"a":0,"k":100,"ix":3},"x":{"a":1,"k":[{"i":{"x":[0.833],"y":[0.833]},"o":{"x":[0.167],"y":[0.167]},"t":0,"s":[0]},{"t":14,"s":[100]}],"ix":4},"nm":"Mask 15"},{"inv":false,"mode":"s","pt":{"a":0,"k":{"i":[[11.046,0],[0,-11.046],[-11.046,0],[0,11.046]],"o":[[-11.046,0],[0,11.046],[11.046,0],[0,-11.046]],"v":[[200,180],[180,200],[200,220],[220,200]],"c":true},"ix":1},"o":{"a":0,"k":100,"ix":3},"x":{"a":1,"k":[{"i":{"x":[0.833],"y":[0.833]},"o":{"x":[0.167],"y":[0.167]},"t":2,"s":[0]},{"t":16,"s":[100]}],"ix":4},"nm":"Mask 16"}],"w":400,"h":400,"ip":0,"op":60,"st":0,"bm":0},{"ddd":0,"ind":2,"ty":4,"nm":"star up/vector export Outlines","sr":1,"ks":{"o":{"a":0,"k":100,"ix":11},"r":{"a":1,"k":[{"i":{"x":[0.667],"y":[1]},"o":{"x":[0.167],"y":[0.167]},"t":9,"s":[120]},{"i":{"x":[0.667],"y":[1]},"o":{"x":[0.333],"y":[0]},"t":28,"s":[0]},{"i":{"x":[0.833],"y":[0.833]},"o":{"x":[0.333],"y":[0]},"t":81,"s":[0]},{"t":89,"s":[-191]}],"ix":10},"p":{"a":0,"k":[200,200,0],"ix":2},"a":{"a":0,"k":[30.5,30.5,0],"ix":1},"s":{"a":1,"k":[{"i":{"x":[0.766,0.766,0.667],"y":[3.986,3.986,1]},"o":{"x":[0.333,0.333,0.333],"y":[0,0,0]},"t":9,"s":[0,0,100]},{"i":{"x":[0.667,0.667,0.667],"y":[1,1,1]},"o":{"x":[0.008,0.008,0.333],"y":[2.769,2.769,0]},"t":28,"s":[110,110,100]},{"i":{"x":[0.833,0.833,0.833],"y":[0.833,0.833,16.152]},"o":{"x":[0.333,0.333,0.333],"y":[0,0,0]},"t":81,"s":[100,100,100]},{"t":89,"s":[0,0,100]}],"ix":6}},"ao":0,"shapes":[{"ty":"gr","it":[{"ind":0,"ty":"sh","ix":1,"ks":{"a":0,"k":{"i":[[0,0],[0,0],[0,0],[0,0],[0,0],[0,0],[0,0],[0,0],[0,0],[0,0],[0,0],[0,0],[0,0],[0,0],[0,0]],"o":[[0,0],[0,0],[0,0],[0,0],[0,0],[0,0],[0,0],[0,0],[0,0],[0,0],[0,0],[0,0],[0,0],[0,0],[0,0]],"v":[[2.595,14.403],[-7.62,30],[-21.489,23.514],[-12.673,7.892],[-30,2.049],[-27.263,-12.02],[-10.201,-10.969],[-9.777,-28.216],[4.076,-30],[7.403,-12.388],[24.309,-18.125],[30,-5.711],[15.296,3.993],[25.827,17.342],[15.739,26.833]],"c":true},"ix":2},"nm":"Path 1","mn":"ADBE Vector Shape - Group","hd":false},{"ty":"fl","c":{"a":0,"k":[0.8,1,0,1],"ix":4},"o":{"a":0,"k":100,"ix":5},"r":1,"bm":0,"nm":"Fill 1","mn":"ADBE Vector Graphic - Fill","hd":false},{"ty":"tr","p":{"a":0,"k":[30.25,30.25],"ix":2},"a":{"a":0,"k":[0,0],"ix":1},"s":{"a":0,"k":[100,100],"ix":3},"r":{"a":0,"k":0,"ix":6},"o":{"a":0,"k":100,"ix":7},"sk":{"a":0,"k":0,"ix":4},"sa":{"a":0,"k":0,"ix":5},"nm":"Transform"}],"nm":"Group 1","np":2,"cix":2,"bm":0,"ix":1,"mn":"ADBE Vector Group","hd":false}],"ip":9,"op":90,"st":9,"bm":0},{"ddd":0,"ind":3,"ty":4,"nm":"star up/vector export Outlines","sr":1,"ks":{"o":{"a":0,"k":40,"ix":11},"r":{"a":1,"k":[{"i":{"x":[0.667],"y":[1]},"o":{"x":[0.167],"y":[0.167]},"t":4,"s":[120]},{"t":22,"s":[0]}],"ix":10},"p":{"a":0,"k":[200,200,0],"ix":2},"a":{"a":0,"k":[30.5,30.5,0],"ix":1},"s":{"a":1,"k":[{"i":{"x":[0.332,0.332,0.667],"y":[2.985,2.985,1]},"o":{"x":[0.167,0.167,0.167],"y":[0.167,0.167,16.667]},"t":4,"s":[0,0,100]},{"t":22,"s":[100,100,100]}],"ix":6}},"ao":0,"shapes":[{"ty":"gr","it":[{"ind":0,"ty":"sh","ix":1,"ks":{"a":0,"k":{"i":[[0,0],[0,0],[0,0],[0,0],[0,0],[0,0],[0,0],[0,0],[0,0],[0,0],[0,0],[0,0],[0,0],[0,0],[0,0]],"o":[[0,0],[0,0],[0,0],[0,0],[0,0],[0,0],[0,0],[0,0],[0,0],[0,0],[0,0],[0,0],[0,0],[0,0],[0,0]],"v":[[2.595,14.403],[-7.62,30],[-21.489,23.514],[-12.673,7.892],[-30,2.049],[-27.263,-12.02],[-10.201,-10.969],[-9.777,-28.216],[4.076,-30],[7.403,-12.388],[24.309,-18.125],[30,-5.711],[15.296,3.993],[25.827,17.342],[15.739,26.833]],"c":true},"ix":2},"nm":"Path 1","mn":"ADBE Vector Shape - Group","hd":false},{"ty":"fl","c":{"a":0,"k":[0.8,1,0,1],"ix":4},"o":{"a":0,"k":100,"ix":5},"r":1,"bm":0,"nm":"Fill 1","mn":"ADBE Vector Graphic - Fill","hd":false},{"ty":"tr","p":{"a":0,"k":[30.25,30.25],"ix":2},"a":{"a":0,"k":[0,0],"ix":1},"s":{"a":0,"k":[100,100],"ix":3},"r":{"a":0,"k":0,"ix":6},"o":{"a":0,"k":100,"ix":7},"sk":{"a":0,"k":0,"ix":4},"sa":{"a":0,"k":0,"ix":5},"nm":"Transform"}],"nm":"Group 1","np":2,"cix":2,"bm":0,"ix":1,"mn":"ADBE Vector Group","hd":false}],"ip":4,"op":23,"st":4,"bm":0},{"ddd":0,"ind":4,"ty":4,"nm":"star stroke/vector export Outlines","sr":1,"ks":{"o":{"a":0,"k":50,"ix":11},"r":{"a":1,"k":[{"i":{"x":[0.833],"y":[0.833]},"o":{"x":[0.167],"y":[0.167]},"t":0,"s":[-183]},{"t":15,"s":[0]}],"ix":10},"p":{"a":0,"k":[200,200,0],"ix":2},"a":{"a":0,"k":[42.5,42.5,0],"ix":1},"s":{"a":1,"k":[{"i":{"x":[0.637,0.637,0.667],"y":[2.453,2.453,1]},"o":{"x":[0.167,0.167,0.167],"y":[0.167,0.167,16.667]},"t":0,"s":[0,0,100]},{"t":15,"s":[100,100,100]}],"ix":6}},"ao":0,"shapes":[{"ty":"gr","it":[{"ind":0,"ty":"sh","ix":1,"ks":{"a":0,"k":{"i":[[0,0],[0,0],[0,0],[0,0],[0,0],[0,0],[0,0],[0,0],[0,0],[0,0],[0,0],[0,0],[0,0],[0,0],[0,0]],"o":[[0,0],[0,0],[0,0],[0,0],[0,0],[0,0],[0,0],[0,0],[0,0],[0,0],[0,0],[0,0],[0,0],[0,0],[0,0]],"v":[[3.989,19.859],[-9.795,41.723],[-29.174,33.068],[-17.331,11.203],[-41.488,3.522],[-38.035,-16.046],[-14.359,-15],[-14.187,-38.915],[4.971,-41.723],[10.008,-17.39],[33.301,-25.75],[41.489,-8.682],[21.342,5.124],[36.26,23.373],[22.507,36.771]],"c":true},"ix":2},"nm":"Path 1","mn":"ADBE Vector Shape - Group","hd":false},{"ty":"st","c":{"a":0,"k":[1,1,1,1],"ix":3},"o":{"a":0,"k":100,"ix":4},"w":{"a":0,"k":1,"ix":5},"lc":1,"lj":1,"ml":10,"bm":0,"nm":"Stroke 1","mn":"ADBE Vector Graphic - Stroke","hd":false},{"ty":"tr","p":{"a":0,"k":[42.057,42.285],"ix":2},"a":{"a":0,"k":[0,0],"ix":1},"s":{"a":0,"k":[100,100],"ix":3},"r":{"a":0,"k":0,"ix":6},"o":{"a":0,"k":100,"ix":7},"sk":{"a":0,"k":0,"ix":4},"sa":{"a":0,"k":0,"ix":5},"nm":"Transform"}],"nm":"Group 1","np":2,"cix":2,"bm":0,"ix":1,"mn":"ADBE Vector Group","hd":false}],"ip":0,"op":15,"st":0,"bm":0},{"ddd":0,"ind":5,"ty":4,"nm":"circle-down/vector export Outlines","sr":1,"ks":{"o":{"a":1,"k":[{"i":{"x":[0.833],"y":[0.833]},"o":{"x":[0.167],"y":[0.167]},"t":24,"s":[100]},{"t":34,"s":[0]}],"ix":11},"r":{"a":0,"k":0,"ix":10},"p":{"a":1,"k":[{"i":{"x":0.667,"y":1},"o":{"x":0.167,"y":0.167},"t":14,"s":[200,200,0],"to":[0,21.667,0],"ti":[0,-21.667,0]},{"t":34,"s":[200,330,0]}],"ix":2},"a":{"a":0,"k":[5.5,5.5,0],"ix":1},"s":{"a":1,"k":[{"i":{"x":[0.504,0.504,0.667],"y":[3.442,3.442,1]},"o":{"x":[0.167,0.167,0.167],"y":[0.167,0.167,10]},"t":14,"s":[40,40,100]},{"t":34,"s":[100,100,100]}],"ix":6}},"ao":0,"shapes":[{"ty":"gr","it":[{"ind":0,"ty":"sh","ix":1,"ks":{"a":0,"k":{"i":[[-2.761,0],[0,2.762],[2.761,0],[0,-2.762]],"o":[[2.761,0],[0,-2.762],[-2.761,0],[0,2.762]],"v":[[0,5],[5,0],[0,-5],[-5,0]],"c":true},"ix":2},"nm":"Path 1","mn":"ADBE Vector Shape - Group","hd":false},{"ty":"fl","c":{"a":0,"k":[0.74900004069,0.607999973671,0.486000001197,1],"ix":4},"o":{"a":0,"k":100,"ix":5},"r":1,"bm":0,"nm":"Fill 1","mn":"ADBE Vector Graphic - Fill","hd":false},{"ty":"tr","p":{"a":0,"k":[5.25,5.25],"ix":2},"a":{"a":0,"k":[0,0],"ix":1},"s":{"a":0,"k":[100,100],"ix":3},"r":{"a":0,"k":0,"ix":6},"o":{"a":0,"k":100,"ix":7},"sk":{"a":0,"k":0,"ix":4},"sa":{"a":0,"k":0,"ix":5},"nm":"Transform"}],"nm":"Group 1","np":4,"cix":2,"bm":0,"ix":1,"mn":"ADBE Vector Group","hd":false}],"ip":14,"op":74,"st":14,"bm":0},{"ddd":0,"ind":6,"ty":4,"nm":"circle-left/vector export Outlines","sr":1,"ks":{"o":{"a":1,"k":[{"i":{"x":[0.833],"y":[0.833]},"o":{"x":[0.167],"y":[0.167]},"t":20,"s":[100]},{"t":30,"s":[0]}],"ix":11},"r":{"a":0,"k":0,"ix":10},"p":{"a":1,"k":[{"i":{"x":0.667,"y":1},"o":{"x":0.167,"y":0.167},"t":10,"s":[200,200,0],"to":[-21.667,0,0],"ti":[21.667,0,0]},{"t":30,"s":[70,200,0]}],"ix":2},"a":{"a":0,"k":[5.5,5.5,0],"ix":1},"s":{"a":1,"k":[{"i":{"x":[0.417,0.417,0.667],"y":[3.469,3.469,1]},"o":{"x":[0.167,0.167,0.167],"y":[0.167,0.167,10]},"t":10,"s":[40,40,100]},{"t":30,"s":[100,100,100]}],"ix":6}},"ao":0,"shapes":[{"ty":"gr","it":[{"ind":0,"ty":"sh","ix":1,"ks":{"a":0,"k":{"i":[[-2.761,0],[0,2.761],[2.761,0],[0,-2.761]],"o":[[2.761,0],[0,-2.761],[-2.761,0],[0,2.761]],"v":[[0,5],[5,0],[0,-5],[-5,0]],"c":true},"ix":2},"nm":"Path 1","mn":"ADBE Vector Shape - Group","hd":false},{"ty":"fl","c":{"a":0,"k":[0.647000002394,0.827000038297,0.741000007181,1],"ix":4},"o":{"a":0,"k":100,"ix":5},"r":1,"bm":0,"nm":"Fill 1","mn":"ADBE Vector Graphic - Fill","hd":false},{"ty":"tr","p":{"a":0,"k":[5.25,5.25],"ix":2},"a":{"a":0,"k":[0,0],"ix":1},"s":{"a":0,"k":[100,100],"ix":3},"r":{"a":0,"k":0,"ix":6},"o":{"a":0,"k":100,"ix":7},"sk":{"a":0,"k":0,"ix":4},"sa":{"a":0,"k":0,"ix":5},"nm":"Transform"}],"nm":"Group 1","np":4,"cix":2,"bm":0,"ix":1,"mn":"ADBE Vector Group","hd":false}],"ip":10,"op":70,"st":10,"bm":0},{"ddd":0,"ind":7,"ty":4,"nm":"circle-right/vector export Outlines","sr":1,"ks":{"o":{"a":1,"k":[{"i":{"x":[0.833],"y":[0.833]},"o":{"x":[0.167],"y":[0.167]},"t":16,"s":[100]},{"t":26,"s":[0]}],"ix":11},"r":{"a":0,"k":0,"ix":10},"p":{"a":1,"k":[{"i":{"x":0.667,"y":1},"o":{"x":0.167,"y":0.167},"t":6,"s":[200,200,0],"to":[21.667,0,0],"ti":[-21.667,0,0]},{"t":26,"s":[330,200,0]}],"ix":2},"a":{"a":0,"k":[5.5,5.5,0],"ix":1},"s":{"a":1,"k":[{"i":{"x":[0.405,0.405,0.667],"y":[3.47,3.47,1]},"o":{"x":[0.167,0.167,0.167],"y":[0.167,0.167,10]},"t":6,"s":[40,40,100]},{"t":26,"s":[100,100,100]}],"ix":6}},"ao":0,"shapes":[{"ty":"gr","it":[{"ind":0,"ty":"sh","ix":1,"ks":{"a":0,"k":{"i":[[-2.762,0],[0,2.761],[2.762,0],[0,-2.761]],"o":[[2.762,0],[0,-2.761],[-2.762,0],[0,2.761]],"v":[[0,5],[5,0],[0,-5],[-5,0]],"c":true},"ix":2},"nm":"Path 1","mn":"ADBE Vector Shape - Group","hd":false},{"ty":"fl","c":{"a":0,"k":[0.658999992819,0.352999997606,0.603999956916,1],"ix":4},"o":{"a":0,"k":100,"ix":5},"r":1,"bm":0,"nm":"Fill 1","mn":"ADBE Vector Graphic - Fill","hd":false},{"ty":"tr","p":{"a":0,"k":[5.25,5.25],"ix":2},"a":{"a":0,"k":[0,0],"ix":1},"s":{"a":0,"k":[100,100],"ix":3},"r":{"a":0,"k":0,"ix":6},"o":{"a":0,"k":100,"ix":7},"sk":{"a":0,"k":0,"ix":4},"sa":{"a":0,"k":0,"ix":5},"nm":"Transform"}],"nm":"Group 1","np":4,"cix":2,"bm":0,"ix":1,"mn":"ADBE Vector Group","hd":false}],"ip":6,"op":66,"st":6,"bm":0},{"ddd":0,"ind":8,"ty":4,"nm":"circle-top/vector export Outlines","sr":1,"ks":{"o":{"a":1,"k":[{"i":{"x":[0.833],"y":[0.833]},"o":{"x":[0.167],"y":[0.167]},"t":12,"s":[100]},{"t":22,"s":[0]}],"ix":11},"r":{"a":0,"k":0,"ix":10},"p":{"a":1,"k":[{"i":{"x":0.667,"y":1},"o":{"x":0.167,"y":0.167},"t":2,"s":[200,200,0],"to":[0,-21.667,0],"ti":[0,21.667,0]},{"t":22,"s":[200,70,0]}],"ix":2},"a":{"a":0,"k":[5.5,5.5,0],"ix":1},"s":{"a":1,"k":[{"i":{"x":[0.432,0.432,0.667],"y":[3.513,3.513,1]},"o":{"x":[0.167,0.167,0.167],"y":[0.167,0.167,10]},"t":2,"s":[40,40,100]},{"t":22,"s":[100,100,100]}],"ix":6}},"ao":0,"shapes":[{"ty":"gr","it":[{"ind":0,"ty":"sh","ix":1,"ks":{"a":0,"k":{"i":[[-2.761,0],[0,2.761],[2.761,0],[0,-2.761]],"o":[[2.761,0],[0,-2.761],[-2.761,0],[0,2.761]],"v":[[0,5],[5,0],[0,-5],[-5,0]],"c":true},"ix":2},"nm":"Path 1","mn":"ADBE Vector Shape - Group","hd":false},{"ty":"fl","c":{"a":0,"k":[0.113999998803,0.505999995213,0.702000038297,1],"ix":4},"o":{"a":0,"k":100,"ix":5},"r":1,"bm":0,"nm":"Fill 1","mn":"ADBE Vector Graphic - Fill","hd":false},{"ty":"tr","p":{"a":0,"k":[5.25,5.25],"ix":2},"a":{"a":0,"k":[0,0],"ix":1},"s":{"a":0,"k":[100,100],"ix":3},"r":{"a":0,"k":0,"ix":6},"o":{"a":0,"k":100,"ix":7},"sk":{"a":0,"k":0,"ix":4},"sa":{"a":0,"k":0,"ix":5},"nm":"Transform"}],"nm":"Group 1","np":4,"cix":2,"bm":0,"ix":1,"mn":"ADBE Vector Group","hd":false}],"ip":2,"op":62,"st":2,"bm":0},{"ddd":0,"ind":9,"ty":1,"nm":"lines","sr":0.8,"ks":{"o":{"a":1,"k":[{"i":{"x":[0.833],"y":[0.833]},"o":{"x":[0.167],"y":[0.167]},"t":6,"s":[0]},{"i":{"x":[0.833],"y":[0.833]},"o":{"x":[0.167],"y":[0.167]},"t":10,"s":[100]},{"i":{"x":[0.833],"y":[0.833]},"o":{"x":[0.167],"y":[0.167]},"t":19.6,"s":[100]},{"t":22,"s":[0]}],"ix":11},"r":{"a":0,"k":0,"ix":10},"p":{"a":0,"k":[200,200,0],"ix":2},"a":{"a":0,"k":[200,200,0],"ix":1},"s":{"a":0,"k":[100,100,100],"ix":6}},"ao":0,"hasMask":true,"masksProperties":[{"inv":false,"mode":"f","pt":{"a":1,"k":[{"i":{"x":0.833,"y":0.833},"o":{"x":0.167,"y":0.167},"t":6,"s":[{"i":[[0.512,0],[0.39,0.391],[0,0],[-0.78,0.781],[-0.78,-0.781],[0,0],[0.781,-0.781]],"o":[[-0.512,0],[0,0],[-0.781,-0.781],[0.78,-0.781],[0,0],[0.781,0.781],[-0.39,0.391]],"v":[[195.451,197.646],[194.037,197.061],[174.924,178.002],[174.924,175.174],[177.752,175.174],[196.865,194.232],[196.865,197.061]],"c":true}]},{"i":{"x":0.833,"y":0.833},"o":{"x":0.167,"y":0.167},"t":14,"s":[{"i":[[0.512,0],[0.39,0.391],[0,0],[-0.78,0.781],[-0.78,-0.781],[0,0],[0.781,-0.781]],"o":[[-0.512,0],[0,0],[-0.781,-0.781],[0.78,-0.781],[0,0],[0.781,0.781],[-0.39,0.391]],"v":[[144.5,146.598],[143.086,146.012],[113.586,116.512],[113.586,113.684],[116.414,113.684],[145.914,143.184],[145.914,146.012]],"c":true}]},{"t":22,"s":[{"i":[[0.512,0],[0.39,0.391],[0,0],[-0.78,0.781],[-0.78,-0.781],[0,0],[0.781,-0.781]],"o":[[-0.512,0],[0,0],[-0.781,-0.781],[0.78,-0.781],[0,0],[0.781,0.781],[-0.39,0.391]],"v":[[73.553,75.67],[72.139,75.084],[72.086,75.012],[72.086,72.184],[74.914,72.184],[74.967,72.256],[74.967,75.084]],"c":true}]}],"ix":1},"o":{"a":0,"k":100,"ix":3},"x":{"a":0,"k":0,"ix":4},"nm":"Mask 1"}],"sw":400,"sh":400,"sc":"#d77dd7","ip":6,"op":78,"st":6,"bm":0},{"ddd":0,"ind":10,"ty":1,"nm":"lines 2","sr":0.8,"ks":{"o":{"a":1,"k":[{"i":{"x":[0.833],"y":[0.833]},"o":{"x":[0.167],"y":[0.167]},"t":9,"s":[0]},{"i":{"x":[0.833],"y":[0.833]},"o":{"x":[0.167],"y":[0.167]},"t":13,"s":[100]},{"i":{"x":[0.833],"y":[0.833]},"o":{"x":[0.167],"y":[0.167]},"t":22.6,"s":[100]},{"t":25,"s":[0]}],"ix":11},"r":{"a":0,"k":90,"ix":10},"p":{"a":0,"k":[200,200,0],"ix":2},"a":{"a":0,"k":[200,200,0],"ix":1},"s":{"a":0,"k":[100,100,100],"ix":6}},"ao":0,"hasMask":true,"masksProperties":[{"inv":false,"mode":"f","pt":{"a":1,"k":[{"i":{"x":0.833,"y":0.833},"o":{"x":0.167,"y":0.167},"t":9,"s":[{"i":[[0.512,0],[0.39,0.391],[0,0],[-0.78,0.781],[-0.78,-0.781],[0,0],[0.781,-0.781]],"o":[[-0.512,0],[0,0],[-0.781,-0.781],[0.78,-0.781],[0,0],[0.781,0.781],[-0.39,0.391]],"v":[[195.451,197.646],[194.037,197.061],[174.924,178.002],[174.924,175.174],[177.752,175.174],[196.865,194.232],[196.865,197.061]],"c":true}]},{"i":{"x":0.833,"y":0.833},"o":{"x":0.167,"y":0.167},"t":17,"s":[{"i":[[0.512,0],[0.39,0.391],[0,0],[-0.78,0.781],[-0.78,-0.781],[0,0],[0.781,-0.781]],"o":[[-0.512,0],[0,0],[-0.781,-0.781],[0.78,-0.781],[0,0],[0.781,0.781],[-0.39,0.391]],"v":[[144.5,146.598],[143.086,146.012],[113.586,116.512],[113.586,113.684],[116.414,113.684],[145.914,143.184],[145.914,146.012]],"c":true}]},{"t":25,"s":[{"i":[[0.512,0],[0.39,0.391],[0,0],[-0.78,0.781],[-0.78,-0.781],[0,0],[0.781,-0.781]],"o":[[-0.512,0],[0,0],[-0.781,-0.781],[0.78,-0.781],[0,0],[0.781,0.781],[-0.39,0.391]],"v":[[73.553,75.67],[72.139,75.084],[72.086,75.012],[72.086,72.184],[74.914,72.184],[74.967,72.256],[74.967,75.084]],"c":true}]}],"ix":1},"o":{"a":0,"k":100,"ix":3},"x":{"a":0,"k":0,"ix":4},"nm":"Mask 1"}],"sw":400,"sh":400,"sc":"#54a87c","ip":9,"op":81,"st":9,"bm":0},{"ddd":0,"ind":11,"ty":1,"nm":"lines 3","sr":0.8,"ks":{"o":{"a":1,"k":[{"i":{"x":[0.833],"y":[0.833]},"o":{"x":[0.167],"y":[0.167]},"t":12,"s":[0]},{"i":{"x":[0.833],"y":[0.833]},"o":{"x":[0.167],"y":[0.167]},"t":16,"s":[100]},{"i":{"x":[0.833],"y":[0.833]},"o":{"x":[0.167],"y":[0.167]},"t":25.6,"s":[100]},{"t":28,"s":[0]}],"ix":11},"r":{"a":0,"k":180,"ix":10},"p":{"a":0,"k":[200,200,0],"ix":2},"a":{"a":0,"k":[200,200,0],"ix":1},"s":{"a":0,"k":[100,100,100],"ix":6}},"ao":0,"hasMask":true,"masksProperties":[{"inv":false,"mode":"f","pt":{"a":1,"k":[{"i":{"x":0.833,"y":0.833},"o":{"x":0.167,"y":0.167},"t":12,"s":[{"i":[[0.512,0],[0.39,0.391],[0,0],[-0.78,0.781],[-0.78,-0.781],[0,0],[0.781,-0.781]],"o":[[-0.512,0],[0,0],[-0.781,-0.781],[0.78,-0.781],[0,0],[0.781,0.781],[-0.39,0.391]],"v":[[195.451,197.646],[194.037,197.061],[174.924,178.002],[174.924,175.174],[177.752,175.174],[196.865,194.232],[196.865,197.061]],"c":true}]},{"i":{"x":0.833,"y":0.833},"o":{"x":0.167,"y":0.167},"t":20,"s":[{"i":[[0.512,0],[0.39,0.391],[0,0],[-0.78,0.781],[-0.78,-0.781],[0,0],[0.781,-0.781]],"o":[[-0.512,0],[0,0],[-0.781,-0.781],[0.78,-0.781],[0,0],[0.781,0.781],[-0.39,0.391]],"v":[[144.5,146.598],[143.086,146.012],[113.586,116.512],[113.586,113.684],[116.414,113.684],[145.914,143.184],[145.914,146.012]],"c":true}]},{"t":28,"s":[{"i":[[0.512,0],[0.39,0.391],[0,0],[-0.78,0.781],[-0.78,-0.781],[0,0],[0.781,-0.781]],"o":[[-0.512,0],[0,0],[-0.781,-0.781],[0.78,-0.781],[0,0],[0.781,0.781],[-0.39,0.391]],"v":[[73.553,75.67],[72.139,75.084],[72.086,75.012],[72.086,72.184],[74.914,72.184],[74.967,72.256],[74.967,75.084]],"c":true}]}],"ix":1},"o":{"a":0,"k":100,"ix":3},"x":{"a":0,"k":0,"ix":4},"nm":"Mask 1"}],"sw":400,"sh":400,"sc":"#562B97","ip":12,"op":84,"st":12,"bm":0},{"ddd":0,"ind":12,"ty":1,"nm":"lines 4","sr":0.8,"ks":{"o":{"a":1,"k":[{"i":{"x":[0.833],"y":[0.833]},"o":{"x":[0.167],"y":[0.167]},"t":15,"s":[0]},{"i":{"x":[0.833],"y":[0.833]},"o":{"x":[0.167],"y":[0.167]},"t":19,"s":[100]},{"i":{"x":[0.833],"y":[0.833]},"o":{"x":[0.167],"y":[0.167]},"t":28.6,"s":[100]},{"t":31,"s":[0]}],"ix":11},"r":{"a":0,"k":270,"ix":10},"p":{"a":0,"k":[200,200,0],"ix":2},"a":{"a":0,"k":[200,200,0],"ix":1},"s":{"a":0,"k":[100,100,100],"ix":6}},"ao":0,"hasMask":true,"masksProperties":[{"inv":false,"mode":"f","pt":{"a":1,"k":[{"i":{"x":0.833,"y":0.833},"o":{"x":0.167,"y":0.167},"t":15,"s":[{"i":[[0.512,0],[0.39,0.391],[0,0],[-0.78,0.781],[-0.78,-0.781],[0,0],[0.781,-0.781]],"o":[[-0.512,0],[0,0],[-0.781,-0.781],[0.78,-0.781],[0,0],[0.781,0.781],[-0.39,0.391]],"v":[[195.451,197.646],[194.037,197.061],[174.924,178.002],[174.924,175.174],[177.752,175.174],[196.865,194.232],[196.865,197.061]],"c":true}]},{"i":{"x":0.833,"y":0.833},"o":{"x":0.167,"y":0.167},"t":23,"s":[{"i":[[0.512,0],[0.39,0.391],[0,0],[-0.78,0.781],[-0.78,-0.781],[0,0],[0.781,-0.781]],"o":[[-0.512,0],[0,0],[-0.781,-0.781],[0.78,-0.781],[0,0],[0.781,0.781],[-0.39,0.391]],"v":[[144.5,146.598],[143.086,146.012],[113.586,116.512],[113.586,113.684],[116.414,113.684],[145.914,143.184],[145.914,146.012]],"c":true}]},{"t":31,"s":[{"i":[[0.512,0],[0.39,0.391],[0,0],[-0.78,0.781],[-0.78,-0.781],[0,0],[0.781,-0.781]],"o":[[-0.512,0],[0,0],[-0.781,-0.781],[0.78,-0.781],[0,0],[0.781,0.781],[-0.39,0.391]],"v":[[73.553,75.67],[72.139,75.084],[72.086,75.012],[72.086,72.184],[74.914,72.184],[74.967,72.256],[74.967,75.084]],"c":true}]}],"ix":1},"o":{"a":0,"k":100,"ix":3},"x":{"a":0,"k":0,"ix":4},"nm":"Mask 1"}],"sw":400,"sh":400,"sc":"#a5d3bd","ip":15,"op":87,"st":15,"bm":0}],"markers":[]}