{"v":"5.5.9","fr":30,"ip":0,"op":90,"w":750,"h":750,"nm":"playlists","ddd":0,"assets":[{"id":"image_0","w":76,"h":76,"u":"images/","p":"welcome2-img_0.png","e":0},{"id":"image_1","w":158,"h":54,"u":"images/","p":"welcome2-img_1.png","e":0},{"id":"image_2","w":112,"h":112,"u":"images/","p":"welcome2-img_2.png","e":0},{"id":"comp_0","layers":[{"ddd":0,"ind":5,"ty":4,"nm":"Shape Layer 14","sr":1,"ks":{"o":{"a":0,"k":100,"ix":11},"r":{"a":0,"k":0,"ix":10},"p":{"a":0,"k":[300,300,0],"ix":2},"a":{"a":0,"k":[0,0,0],"ix":1},"s":{"a":0,"k":[100,100,100],"ix":6}},"ao":0,"shapes":[{"ty":"gr","it":[{"ind":0,"ty":"sh","ix":1,"ks":{"a":0,"k":{"i":[[-5.312,-5.428],[0,0],[0,0],[-0.875,0.938],[0,0],[0,0],[8.875,9.125],[0,0],[0,0],[1.151,-0.983],[0,0],[0,0]],"o":[[6.071,6.204],[0,0],[0,0],[0.875,-0.938],[0,0],[0,0],[-8.875,-9.125],[0,0],[0,0],[-1.151,0.983],[0,0],[0,0]],"v":[[-73.188,100.178],[-59.25,108.25],[77.25,108.25],[79.438,107.375],[80.25,105.25],[80.25,-82.5],[72.875,-100.375],[55,-107.75],[-76.25,-107.75],[-78.974,-106.983],[-80,-104.75],[-80,86.375]],"c":true},"ix":2},"nm":"Path 1","mn":"ADBE Vector Shape - Group","hd":false},{"ty":"st","c":{"a":0,"k":[0.760784327984,1,0.878431379795,1],"ix":3},"o":{"a":0,"k":100,"ix":4},"w":{"a":0,"k":4,"ix":5},"lc":2,"lj":1,"ml":4,"bm":0,"nm":"Stroke 1","mn":"ADBE Vector Graphic - Stroke","hd":false},{"ty":"tm","s":{"a":1,"k":[{"i":{"x":[0.801],"y":[0.614]},"o":{"x":[0.333],"y":[0]},"t":0,"s":[0]},{"t":17.5,"s":[100]}],"ix":1},"e":{"a":1,"k":[{"i":{"x":[0.854],"y":[0.526]},"o":{"x":[0.333],"y":[0]},"t":1.867,"s":[0]},{"t":19.599609375,"s":[100]}],"ix":2},"o":{"a":0,"k":0,"ix":3},"m":1,"ix":3,"nm":"Trim Paths 1","mn":"ADBE Vector Filter - Trim","hd":false},{"ty":"tr","p":{"a":0,"k":[0,0],"ix":2},"a":{"a":0,"k":[0,0],"ix":1},"s":{"a":0,"k":[100,100],"ix":3},"r":{"a":0,"k":0,"ix":6},"o":{"a":0,"k":100,"ix":7},"sk":{"a":0,"k":0,"ix":4},"sa":{"a":0,"k":0,"ix":5},"nm":"Transform"}],"nm":"Shape 2","np":3,"cix":2,"bm":0,"ix":1,"mn":"ADBE Vector Group","hd":false}],"ip":0,"op":450,"st":0,"bm":0},{"ddd":0,"ind":6,"ty":4,"nm":"Shape Layer 13","sr":1,"ks":{"o":{"a":0,"k":100,"ix":11},"r":{"a":0,"k":0,"ix":10},"p":{"a":0,"k":[300,300,0],"ix":2},"a":{"a":0,"k":[0,0,0],"ix":1},"s":{"a":0,"k":[100,100,100],"ix":6}},"ao":0,"shapes":[{"ty":"gr","it":[{"ind":0,"ty":"sh","ix":1,"ks":{"a":0,"k":{"i":[[0,0],[0,0],[1.151,-0.983],[0,0],[0,0],[-5.312,-5.428],[0,0],[0,0],[-0.875,0.938],[0,0],[0,0],[8.875,9.125]],"o":[[0,0],[0,0],[-1.151,0.983],[0,0],[0,0],[6.071,6.204],[0,0],[0,0],[0.875,-0.938],[0,0],[0,0],[-8.875,-9.125]],"v":[[55,-107.75],[-76.25,-107.75],[-78.974,-106.983],[-80,-104.75],[-80,86.375],[-73.188,100.178],[-59.25,108.25],[77.25,108.25],[79.438,107.375],[80.25,105.25],[80.25,-82.5],[72.875,-100.375]],"c":true},"ix":2},"nm":"Path 1","mn":"ADBE Vector Shape - Group","hd":false},{"ty":"st","c":{"a":0,"k":[1,0.909803926945,0.843137264252,1],"ix":3},"o":{"a":0,"k":100,"ix":4},"w":{"a":0,"k":4,"ix":5},"lc":2,"lj":1,"ml":4,"bm":0,"nm":"Stroke 1","mn":"ADBE Vector Graphic - Stroke","hd":false},{"ty":"tm","s":{"a":1,"k":[{"i":{"x":[0.667],"y":[1]},"o":{"x":[0.199],"y":[0.386]},"t":0,"s":[100]},{"t":17.5,"s":[0]}],"ix":1},"e":{"a":1,"k":[{"i":{"x":[0.833],"y":[1]},"o":{"x":[0.167],"y":[0]},"t":0,"s":[100]},{"i":{"x":[0.667],"y":[1]},"o":{"x":[0.146],"y":[0.474]},"t":1.867,"s":[100]},{"t":19.599609375,"s":[0]}],"ix":2},"o":{"a":0,"k":0,"ix":3},"m":1,"ix":3,"nm":"Trim Paths 1","mn":"ADBE Vector Filter - Trim","hd":false},{"ty":"tr","p":{"a":0,"k":[0,0],"ix":2},"a":{"a":0,"k":[0,0],"ix":1},"s":{"a":0,"k":[100,100],"ix":3},"r":{"a":0,"k":0,"ix":6},"o":{"a":0,"k":100,"ix":7},"sk":{"a":0,"k":0,"ix":4},"sa":{"a":0,"k":0,"ix":5},"nm":"Transform"}],"nm":"Shape 2","np":3,"cix":2,"bm":0,"ix":1,"mn":"ADBE Vector Group","hd":false}],"ip":0,"op":450,"st":0,"bm":0},{"ddd":0,"ind":7,"ty":0,"nm":"burst","refId":"comp_1","sr":0.7,"ks":{"o":{"a":0,"k":100,"ix":11},"r":{"a":1,"k":[{"i":{"x":[0.833],"y":[0.833]},"o":{"x":[0.167],"y":[0.167]},"t":5,"s":[0]},{"t":46.3,"s":[-41]}],"ix":10},"p":{"a":0,"k":[303,299,0],"ix":2},"a":{"a":0,"k":[200,200,0],"ix":1},"s":{"a":0,"k":[200,200,100],"ix":6}},"ao":0,"w":400,"h":400,"ip":5,"op":47,"st":5,"bm":0},{"ddd":0,"ind":8,"ty":2,"nm":"🌎.png","cl":"png","parent":9,"refId":"image_0","sr":1,"ks":{"o":{"a":0,"k":100,"ix":11},"r":{"a":0,"k":0,"ix":10},"p":{"a":0,"k":[148,148,0],"ix":2},"a":{"a":0,"k":[38,38,0],"ix":1},"s":{"a":0,"k":[100,100,100],"ix":6}},"ao":0,"ip":0,"op":450,"st":0,"bm":0},{"ddd":0,"ind":9,"ty":1,"nm":"C2FFE0","sr":1,"ks":{"o":{"a":0,"k":100,"ix":11},"r":{"a":0,"k":0,"ix":10},"p":{"a":0,"k":[300,300,0],"ix":2},"a":{"a":0,"k":[148,148,0],"ix":1},"s":{"a":1,"k":[{"i":{"x":[0.476,0.476,0.667],"y":[1.007,1.007,1]},"o":{"x":[0.159,0.159,0.333],"y":[0.741,0.741,0]},"t":26,"s":[0,0,100]},{"t":45,"s":[100,100,100]}],"ix":6}},"ao":0,"hasMask":true,"masksProperties":[{"inv":false,"mode":"f","pt":{"a":0,"k":{"i":[[-1.864,0],[0,0],[0,-13.98],[0,0],[1.864,0],[0,0],[0,13.98],[0,0]],"o":[[0,0],[13.98,0],[0,0],[0,1.864],[0,0],[-13.98,0],[0,0],[0,-1.864]],"v":[[71.219,40],[202.844,40],[228.156,65.312],[228.156,252.625],[224.781,256],[93.156,256],[67.844,230.688],[67.844,43.375]],"c":true},"ix":1},"o":{"a":0,"k":100,"ix":3},"x":{"a":0,"k":0,"ix":4},"nm":"Mask 1"}],"sw":296,"sh":296,"sc":"#c2ffe0","ip":17,"op":467,"st":17,"bm":0},{"ddd":0,"ind":10,"ty":4,"nm":"Shape Layer 12","sr":0.7,"ks":{"o":{"a":0,"k":100,"ix":11},"r":{"a":0,"k":180,"ix":10},"p":{"a":1,"k":[{"i":{"x":0.667,"y":1},"o":{"x":0.333,"y":0},"t":20.6,"s":[521,189,0],"to":[-10.167,18.5,0],"ti":[10.167,-18.5,0]},{"t":29,"s":[460,300,0]}],"ix":2},"a":{"a":0,"k":[0,-14,0],"ix":1},"s":{"a":0,"k":[100,100,100],"ix":6}},"ao":0,"shapes":[{"ty":"gr","it":[{"d":1,"ty":"el","s":{"a":0,"k":[18.965,18.965],"ix":2},"p":{"a":0,"k":[0,0],"ix":3},"nm":"Ellipse Path 1","mn":"ADBE Vector Shape - Ellipse","hd":false},{"ty":"fl","c":{"a":0,"k":[1,0.909803926945,0.843137264252,1],"ix":4},"o":{"a":0,"k":100,"ix":5},"r":1,"bm":0,"nm":"Fill 1","mn":"ADBE Vector Graphic - Fill","hd":false},{"ty":"tr","p":{"a":0,"k":[159.518,-14.518],"ix":2},"a":{"a":0,"k":[0,0],"ix":1},"s":{"a":1,"k":[{"i":{"x":[0.301,0.301],"y":[3.519,3.519]},"o":{"x":[0.079,0.079],"y":[0.626,0.626]},"t":15.7,"s":[0,0]},{"t":20.6,"s":[130.065,130.065]}],"ix":3},"r":{"a":0,"k":0,"ix":6},"o":{"a":0,"k":100,"ix":7},"sk":{"a":0,"k":0,"ix":4},"sa":{"a":0,"k":0,"ix":5},"nm":"Transform"}],"nm":"Ellipse 1","np":3,"cix":2,"bm":0,"ix":1,"mn":"ADBE Vector Group","hd":false}],"ip":1,"op":316,"st":1,"bm":0},{"ddd":0,"ind":11,"ty":4,"nm":"Shape Layer 9","sr":0.7,"ks":{"o":{"a":0,"k":100,"ix":11},"r":{"a":0,"k":0,"ix":10},"p":{"a":1,"k":[{"i":{"x":0.667,"y":1},"o":{"x":0.333,"y":0},"t":20.6,"s":[62.5,395.5,0],"to":[13.083,-15.917,0],"ti":[-13.083,15.917,0]},{"t":29,"s":[141,300,0]}],"ix":2},"a":{"a":0,"k":[0,-14,0],"ix":1},"s":{"a":0,"k":[100,100,100],"ix":6}},"ao":0,"shapes":[{"ty":"gr","it":[{"d":1,"ty":"el","s":{"a":0,"k":[18.965,18.965],"ix":2},"p":{"a":0,"k":[0,0],"ix":3},"nm":"Ellipse Path 1","mn":"ADBE Vector Shape - Ellipse","hd":false},{"ty":"fl","c":{"a":0,"k":[0.760784327984,1,0.878431379795,1],"ix":4},"o":{"a":0,"k":100,"ix":5},"r":1,"bm":0,"nm":"Fill 1","mn":"ADBE Vector Graphic - Fill","hd":false},{"ty":"tr","p":{"a":0,"k":[159.518,-14.518],"ix":2},"a":{"a":0,"k":[0,0],"ix":1},"s":{"a":1,"k":[{"i":{"x":[0.301,0.301],"y":[3.519,3.519]},"o":{"x":[0.09,0.09],"y":[0.636,0.636]},"t":15.7,"s":[0,0]},{"t":20.6,"s":[130.065,130.065]}],"ix":3},"r":{"a":0,"k":0,"ix":6},"o":{"a":0,"k":100,"ix":7},"sk":{"a":0,"k":0,"ix":4},"sa":{"a":0,"k":0,"ix":5},"nm":"Transform"}],"nm":"Ellipse 1","np":3,"cix":2,"bm":0,"ix":1,"mn":"ADBE Vector Group","hd":false}],"ip":1,"op":316,"st":1,"bm":0}]},{"id":"comp_1","layers":[{"ddd":0,"ind":1,"ty":0,"nm":"burst group","refId":"comp_2","sr":1,"ks":{"o":{"a":0,"k":100,"ix":11},"r":{"a":0,"k":270,"ix":10},"p":{"a":0,"k":[200,200,0],"ix":2},"a":{"a":0,"k":[200,200,0],"ix":1},"s":{"a":0,"k":[100,100,100],"ix":6}},"ao":0,"w":400,"h":400,"ip":9,"op":69,"st":9,"bm":0},{"ddd":0,"ind":2,"ty":0,"nm":"burst group","refId":"comp_2","sr":1,"ks":{"o":{"a":0,"k":100,"ix":11},"r":{"a":0,"k":180,"ix":10},"p":{"a":0,"k":[200,200,0],"ix":2},"a":{"a":0,"k":[200,200,0],"ix":1},"s":{"a":0,"k":[100,100,100],"ix":6}},"ao":0,"w":400,"h":400,"ip":6,"op":66,"st":6,"bm":0},{"ddd":0,"ind":3,"ty":0,"nm":"burst group","refId":"comp_2","sr":1,"ks":{"o":{"a":0,"k":100,"ix":11},"r":{"a":0,"k":90,"ix":10},"p":{"a":0,"k":[200,200,0],"ix":2},"a":{"a":0,"k":[200,200,0],"ix":1},"s":{"a":0,"k":[100,100,100],"ix":6}},"ao":0,"w":400,"h":400,"ip":3,"op":63,"st":3,"bm":0},{"ddd":0,"ind":4,"ty":0,"nm":"burst group","refId":"comp_2","sr":1,"ks":{"o":{"a":0,"k":100,"ix":11},"r":{"a":0,"k":0,"ix":10},"p":{"a":0,"k":[200,200,0],"ix":2},"a":{"a":0,"k":[200,200,0],"ix":1},"s":{"a":0,"k":[100,100,100],"ix":6}},"ao":0,"w":400,"h":400,"ip":0,"op":60,"st":0,"bm":0}]},{"id":"comp_2","layers":[{"ddd":0,"ind":1,"ty":4,"nm":"Shape Layer 3","sr":1,"ks":{"o":{"a":0,"k":100,"ix":11},"r":{"a":0,"k":60,"ix":10},"p":{"a":0,"k":[200,200,0],"ix":2},"a":{"a":0,"k":[0,0,0],"ix":1},"s":{"a":0,"k":[100,100,100],"ix":6}},"ao":0,"shapes":[{"ty":"gr","it":[{"ind":0,"ty":"sh","ix":1,"ks":{"a":0,"k":{"i":[[0,0],[0,0]],"o":[[0,0],[0,0]],"v":[[0.5,-30.5],[0.5,-91.5]],"c":false},"ix":2},"nm":"Path 1","mn":"ADBE Vector Shape - Group","hd":false},{"ty":"st","c":{"a":0,"k":[0.8,1,0,1],"ix":3},"o":{"a":0,"k":100,"ix":4},"w":{"a":0,"k":2,"ix":5},"lc":2,"lj":1,"ml":4,"bm":0,"nm":"Stroke 1","mn":"ADBE Vector Graphic - Stroke","hd":false},{"ty":"tr","p":{"a":0,"k":[0,0],"ix":2},"a":{"a":0,"k":[0,0],"ix":1},"s":{"a":0,"k":[100,100],"ix":3},"r":{"a":0,"k":0,"ix":6},"o":{"a":0,"k":100,"ix":7},"sk":{"a":0,"k":0,"ix":4},"sa":{"a":0,"k":0,"ix":5},"nm":"Transform"}],"nm":"Shape 1","np":2,"cix":2,"bm":0,"ix":1,"mn":"ADBE Vector Group","hd":false},{"ty":"tm","s":{"a":1,"k":[{"i":{"x":[0.667],"y":[1]},"o":{"x":[0.333],"y":[0]},"t":2,"s":[0]},{"t":14,"s":[100]}],"ix":1},"e":{"a":1,"k":[{"i":{"x":[0.667],"y":[1]},"o":{"x":[0.333],"y":[0]},"t":4,"s":[0]},{"t":17,"s":[100]}],"ix":2},"o":{"a":0,"k":0,"ix":3},"m":1,"ix":2,"nm":"Trim Paths 1","mn":"ADBE Vector Filter - Trim","hd":false}],"ip":2,"op":62,"st":2,"bm":0},{"ddd":0,"ind":2,"ty":4,"nm":"Shape Layer 2","sr":1,"ks":{"o":{"a":0,"k":100,"ix":11},"r":{"a":0,"k":30,"ix":10},"p":{"a":0,"k":[200,200,0],"ix":2},"a":{"a":0,"k":[0,0,0],"ix":1},"s":{"a":0,"k":[100,100,100],"ix":6}},"ao":0,"shapes":[{"ty":"gr","it":[{"ind":0,"ty":"sh","ix":1,"ks":{"a":0,"k":{"i":[[0,0],[0,0]],"o":[[0,0],[0,0]],"v":[[0.5,-30.5],[0.5,-91.5]],"c":false},"ix":2},"nm":"Path 1","mn":"ADBE Vector Shape - Group","hd":false},{"ty":"st","c":{"a":0,"k":[0.8,1,0,1],"ix":3},"o":{"a":0,"k":100,"ix":4},"w":{"a":0,"k":2,"ix":5},"lc":2,"lj":1,"ml":4,"bm":0,"nm":"Stroke 1","mn":"ADBE Vector Graphic - Stroke","hd":false},{"ty":"tr","p":{"a":0,"k":[0,0],"ix":2},"a":{"a":0,"k":[0,0],"ix":1},"s":{"a":0,"k":[100,100],"ix":3},"r":{"a":0,"k":0,"ix":6},"o":{"a":0,"k":100,"ix":7},"sk":{"a":0,"k":0,"ix":4},"sa":{"a":0,"k":0,"ix":5},"nm":"Transform"}],"nm":"Shape 1","np":2,"cix":2,"bm":0,"ix":1,"mn":"ADBE Vector Group","hd":false},{"ty":"tm","s":{"a":1,"k":[{"i":{"x":[0.667],"y":[1]},"o":{"x":[0.333],"y":[0]},"t":1,"s":[0]},{"t":13,"s":[100]}],"ix":1},"e":{"a":1,"k":[{"i":{"x":[0.667],"y":[1]},"o":{"x":[0.333],"y":[0]},"t":3,"s":[0]},{"t":16,"s":[100]}],"ix":2},"o":{"a":0,"k":0,"ix":3},"m":1,"ix":2,"nm":"Trim Paths 1","mn":"ADBE Vector Filter - Trim","hd":false}],"ip":1,"op":61,"st":1,"bm":0},{"ddd":0,"ind":3,"ty":4,"nm":"Shape Layer 1","sr":1,"ks":{"o":{"a":0,"k":100,"ix":11},"r":{"a":0,"k":0,"ix":10},"p":{"a":0,"k":[200,200,0],"ix":2},"a":{"a":0,"k":[0,0,0],"ix":1},"s":{"a":0,"k":[100,100,100],"ix":6}},"ao":0,"shapes":[{"ty":"gr","it":[{"ind":0,"ty":"sh","ix":1,"ks":{"a":0,"k":{"i":[[0,0],[0,0]],"o":[[0,0],[0,0]],"v":[[0.5,-30.5],[0.5,-91.5]],"c":false},"ix":2},"nm":"Path 1","mn":"ADBE Vector Shape - Group","hd":false},{"ty":"st","c":{"a":0,"k":[0.8,1,0,1],"ix":3},"o":{"a":0,"k":100,"ix":4},"w":{"a":0,"k":2,"ix":5},"lc":2,"lj":1,"ml":4,"bm":0,"nm":"Stroke 1","mn":"ADBE Vector Graphic - Stroke","hd":false},{"ty":"tr","p":{"a":0,"k":[0,0],"ix":2},"a":{"a":0,"k":[0,0],"ix":1},"s":{"a":0,"k":[100,100],"ix":3},"r":{"a":0,"k":0,"ix":6},"o":{"a":0,"k":100,"ix":7},"sk":{"a":0,"k":0,"ix":4},"sa":{"a":0,"k":0,"ix":5},"nm":"Transform"}],"nm":"Shape 1","np":2,"cix":2,"bm":0,"ix":1,"mn":"ADBE Vector Group","hd":false},{"ty":"tm","s":{"a":1,"k":[{"i":{"x":[0.667],"y":[1]},"o":{"x":[0.333],"y":[0]},"t":0,"s":[0]},{"t":12,"s":[100]}],"ix":1},"e":{"a":1,"k":[{"i":{"x":[0.667],"y":[1]},"o":{"x":[0.333],"y":[0]},"t":2,"s":[0]},{"t":15,"s":[100]}],"ix":2},"o":{"a":0,"k":0,"ix":3},"m":1,"ix":2,"nm":"Trim Paths 1","mn":"ADBE Vector Filter - Trim","hd":false}],"ip":0,"op":60,"st":0,"bm":0}]},{"id":"comp_3","layers":[{"ddd":0,"ind":5,"ty":4,"nm":"Shape Layer 14","sr":1,"ks":{"o":{"a":0,"k":100,"ix":11},"r":{"a":0,"k":0,"ix":10},"p":{"a":0,"k":[300,300,0],"ix":2},"a":{"a":0,"k":[0,0,0],"ix":1},"s":{"a":0,"k":[100,100,100],"ix":6}},"ao":0,"shapes":[{"ty":"gr","it":[{"ind":0,"ty":"sh","ix":1,"ks":{"a":0,"k":{"i":[[-5.312,-5.428],[0,0],[0,0],[-0.875,0.938],[0,0],[0,0],[8.875,9.125],[0,0],[0,0],[1.151,-0.983],[0,0],[0,0]],"o":[[6.071,6.204],[0,0],[0,0],[0.875,-0.938],[0,0],[0,0],[-8.875,-9.125],[0,0],[0,0],[-1.151,0.983],[0,0],[0,0]],"v":[[-73.188,100.178],[-59.25,108.25],[77.25,108.25],[79.438,107.375],[80.25,105.25],[80.25,-82.5],[72.875,-100.375],[55,-107.75],[-76.25,-107.75],[-78.974,-106.983],[-80,-104.75],[-80,86.375]],"c":true},"ix":2},"nm":"Path 1","mn":"ADBE Vector Shape - Group","hd":false},{"ty":"st","c":{"a":0,"k":[0.690196096897,0.831372618675,0.886274576187,1],"ix":3},"o":{"a":0,"k":100,"ix":4},"w":{"a":0,"k":4,"ix":5},"lc":2,"lj":1,"ml":4,"bm":0,"nm":"Stroke 1","mn":"ADBE Vector Graphic - Stroke","hd":false},{"ty":"tm","s":{"a":1,"k":[{"i":{"x":[0.801],"y":[0.614]},"o":{"x":[0.333],"y":[0]},"t":0,"s":[0]},{"t":17.5,"s":[100]}],"ix":1},"e":{"a":1,"k":[{"i":{"x":[0.854],"y":[0.526]},"o":{"x":[0.333],"y":[0]},"t":1.867,"s":[0]},{"t":19.599609375,"s":[100]}],"ix":2},"o":{"a":0,"k":0,"ix":3},"m":1,"ix":3,"nm":"Trim Paths 1","mn":"ADBE Vector Filter - Trim","hd":false},{"ty":"tr","p":{"a":0,"k":[0,0],"ix":2},"a":{"a":0,"k":[0,0],"ix":1},"s":{"a":0,"k":[100,100],"ix":3},"r":{"a":0,"k":0,"ix":6},"o":{"a":0,"k":100,"ix":7},"sk":{"a":0,"k":0,"ix":4},"sa":{"a":0,"k":0,"ix":5},"nm":"Transform"}],"nm":"Shape 2","np":3,"cix":2,"bm":0,"ix":1,"mn":"ADBE Vector Group","hd":false}],"ip":0,"op":450,"st":0,"bm":0},{"ddd":0,"ind":6,"ty":4,"nm":"Shape Layer 13","sr":1,"ks":{"o":{"a":0,"k":100,"ix":11},"r":{"a":0,"k":0,"ix":10},"p":{"a":0,"k":[300,300,0],"ix":2},"a":{"a":0,"k":[0,0,0],"ix":1},"s":{"a":0,"k":[100,100,100],"ix":6}},"ao":0,"shapes":[{"ty":"gr","it":[{"ind":0,"ty":"sh","ix":1,"ks":{"a":0,"k":{"i":[[0,0],[0,0],[1.151,-0.983],[0,0],[0,0],[-5.312,-5.428],[0,0],[0,0],[-0.875,0.938],[0,0],[0,0],[8.875,9.125]],"o":[[0,0],[0,0],[-1.151,0.983],[0,0],[0,0],[6.071,6.204],[0,0],[0,0],[0.875,-0.938],[0,0],[0,0],[-8.875,-9.125]],"v":[[55,-107.75],[-76.25,-107.75],[-78.974,-106.983],[-80,-104.75],[-80,86.375],[-73.188,100.178],[-59.25,108.25],[77.25,108.25],[79.438,107.375],[80.25,105.25],[80.25,-82.5],[72.875,-100.375]],"c":true},"ix":2},"nm":"Path 1","mn":"ADBE Vector Shape - Group","hd":false},{"ty":"st","c":{"a":0,"k":[1,0.909803926945,0.843137264252,1],"ix":3},"o":{"a":0,"k":100,"ix":4},"w":{"a":0,"k":4,"ix":5},"lc":2,"lj":1,"ml":4,"bm":0,"nm":"Stroke 1","mn":"ADBE Vector Graphic - Stroke","hd":false},{"ty":"tm","s":{"a":1,"k":[{"i":{"x":[0.667],"y":[1]},"o":{"x":[0.199],"y":[0.386]},"t":0,"s":[100]},{"t":17.5,"s":[0]}],"ix":1},"e":{"a":1,"k":[{"i":{"x":[0.833],"y":[1]},"o":{"x":[0.167],"y":[0]},"t":0,"s":[100]},{"i":{"x":[0.667],"y":[1]},"o":{"x":[0.146],"y":[0.474]},"t":1.867,"s":[100]},{"t":19.599609375,"s":[0]}],"ix":2},"o":{"a":0,"k":0,"ix":3},"m":1,"ix":3,"nm":"Trim Paths 1","mn":"ADBE Vector Filter - Trim","hd":false},{"ty":"tr","p":{"a":0,"k":[0,0],"ix":2},"a":{"a":0,"k":[0,0],"ix":1},"s":{"a":0,"k":[100,100],"ix":3},"r":{"a":0,"k":0,"ix":6},"o":{"a":0,"k":100,"ix":7},"sk":{"a":0,"k":0,"ix":4},"sa":{"a":0,"k":0,"ix":5},"nm":"Transform"}],"nm":"Shape 2","np":3,"cix":2,"bm":0,"ix":1,"mn":"ADBE Vector Group","hd":false}],"ip":0,"op":450,"st":0,"bm":0},{"ddd":0,"ind":7,"ty":0,"nm":"burst","refId":"comp_1","sr":0.7,"ks":{"o":{"a":0,"k":100,"ix":11},"r":{"a":1,"k":[{"i":{"x":[0.833],"y":[0.833]},"o":{"x":[0.167],"y":[0.167]},"t":5,"s":[0]},{"t":46.3,"s":[-41]}],"ix":10},"p":{"a":0,"k":[303,299,0],"ix":2},"a":{"a":0,"k":[200,200,0],"ix":1},"s":{"a":0,"k":[200,200,100],"ix":6}},"ao":0,"w":400,"h":400,"ip":5,"op":47,"st":5,"bm":0},{"ddd":0,"ind":8,"ty":2,"nm":"🤜🤛.png","cl":"png","parent":9,"refId":"image_1","sr":1,"ks":{"o":{"a":0,"k":100,"ix":11},"r":{"a":0,"k":0,"ix":10},"p":{"a":0,"k":[148,148,0],"ix":2},"a":{"a":0,"k":[79,27,0],"ix":1},"s":{"a":0,"k":[81.146,81.146,100],"ix":6}},"ao":0,"ip":0,"op":450,"st":0,"bm":0},{"ddd":0,"ind":9,"ty":1,"nm":"AF8DC2","sr":1,"ks":{"o":{"a":0,"k":100,"ix":11},"r":{"a":0,"k":0,"ix":10},"p":{"a":0,"k":[300,300,0],"ix":2},"a":{"a":0,"k":[148,148,0],"ix":1},"s":{"a":1,"k":[{"i":{"x":[0.476,0.476,0.667],"y":[1.007,1.007,1]},"o":{"x":[0.159,0.159,0.333],"y":[0.741,0.741,0]},"t":26,"s":[0,0,100]},{"t":45,"s":[100,100,100]}],"ix":6}},"ao":0,"hasMask":true,"masksProperties":[{"inv":false,"mode":"f","pt":{"a":0,"k":{"i":[[-1.864,0],[0,0],[0,-13.98],[0,0],[1.864,0],[0,0],[0,13.98],[0,0]],"o":[[0,0],[13.98,0],[0,0],[0,1.864],[0,0],[-13.98,0],[0,0],[0,-1.864]],"v":[[71.219,40],[202.844,40],[228.156,65.312],[228.156,252.625],[224.781,256],[93.156,256],[67.844,230.688],[67.844,43.375]],"c":true},"ix":1},"o":{"a":0,"k":100,"ix":3},"x":{"a":0,"k":0,"ix":4},"nm":"Mask 1"}],"sw":296,"sh":296,"sc":"#ffe8d7","ip":17,"op":467,"st":17,"bm":0},{"ddd":0,"ind":10,"ty":4,"nm":"Shape Layer 12","sr":0.7,"ks":{"o":{"a":0,"k":100,"ix":11},"r":{"a":0,"k":180,"ix":10},"p":{"a":1,"k":[{"i":{"x":0.667,"y":1},"o":{"x":0.333,"y":0},"t":20.6,"s":[521,189,0],"to":[-10.167,18.5,0],"ti":[10.167,-18.5,0]},{"t":29,"s":[460,300,0]}],"ix":2},"a":{"a":0,"k":[0,-14,0],"ix":1},"s":{"a":0,"k":[100,100,100],"ix":6}},"ao":0,"shapes":[{"ty":"gr","it":[{"d":1,"ty":"el","s":{"a":0,"k":[18.965,18.965],"ix":2},"p":{"a":0,"k":[0,0],"ix":3},"nm":"Ellipse Path 1","mn":"ADBE Vector Shape - Ellipse","hd":false},{"ty":"fl","c":{"a":0,"k":[1,0.909803926945,0.843137264252,1],"ix":4},"o":{"a":0,"k":100,"ix":5},"r":1,"bm":0,"nm":"Fill 1","mn":"ADBE Vector Graphic - Fill","hd":false},{"ty":"tr","p":{"a":0,"k":[159.518,-14.518],"ix":2},"a":{"a":0,"k":[0,0],"ix":1},"s":{"a":1,"k":[{"i":{"x":[0.301,0.301],"y":[3.519,3.519]},"o":{"x":[0.079,0.079],"y":[0.626,0.626]},"t":15.7,"s":[0,0]},{"t":20.6,"s":[130.065,130.065]}],"ix":3},"r":{"a":0,"k":0,"ix":6},"o":{"a":0,"k":100,"ix":7},"sk":{"a":0,"k":0,"ix":4},"sa":{"a":0,"k":0,"ix":5},"nm":"Transform"}],"nm":"Ellipse 1","np":3,"cix":2,"bm":0,"ix":1,"mn":"ADBE Vector Group","hd":false}],"ip":1,"op":316,"st":1,"bm":0},{"ddd":0,"ind":11,"ty":4,"nm":"Shape Layer 9","sr":0.7,"ks":{"o":{"a":0,"k":100,"ix":11},"r":{"a":0,"k":0,"ix":10},"p":{"a":1,"k":[{"i":{"x":0.667,"y":1},"o":{"x":0.333,"y":0},"t":20.6,"s":[62.5,395.5,0],"to":[13.083,-15.917,0],"ti":[-13.083,15.917,0]},{"t":29,"s":[141,300,0]}],"ix":2},"a":{"a":0,"k":[0,-14,0],"ix":1},"s":{"a":0,"k":[100,100,100],"ix":6}},"ao":0,"shapes":[{"ty":"gr","it":[{"d":1,"ty":"el","s":{"a":0,"k":[18.965,18.965],"ix":2},"p":{"a":0,"k":[0,0],"ix":3},"nm":"Ellipse Path 1","mn":"ADBE Vector Shape - Ellipse","hd":false},{"ty":"fl","c":{"a":0,"k":[0.690196078431,0.83137254902,0.886274509804,1],"ix":4},"o":{"a":0,"k":100,"ix":5},"r":1,"bm":0,"nm":"Fill 1","mn":"ADBE Vector Graphic - Fill","hd":false},{"ty":"tr","p":{"a":0,"k":[159.518,-14.518],"ix":2},"a":{"a":0,"k":[0,0],"ix":1},"s":{"a":1,"k":[{"i":{"x":[0.301,0.301],"y":[3.519,3.519]},"o":{"x":[0.09,0.09],"y":[0.636,0.636]},"t":15.7,"s":[0,0]},{"t":20.6,"s":[130.065,130.065]}],"ix":3},"r":{"a":0,"k":0,"ix":6},"o":{"a":0,"k":100,"ix":7},"sk":{"a":0,"k":0,"ix":4},"sa":{"a":0,"k":0,"ix":5},"nm":"Transform"}],"nm":"Ellipse 1","np":3,"cix":2,"bm":0,"ix":1,"mn":"ADBE Vector Group","hd":false}],"ip":1,"op":316,"st":1,"bm":0}]},{"id":"comp_4","layers":[{"ddd":0,"ind":5,"ty":4,"nm":"Shape Layer 14","sr":1,"ks":{"o":{"a":0,"k":100,"ix":11},"r":{"a":0,"k":0,"ix":10},"p":{"a":0,"k":[300,300,0],"ix":2},"a":{"a":0,"k":[0,0,0],"ix":1},"s":{"a":0,"k":[100,100,100],"ix":6}},"ao":0,"shapes":[{"ty":"gr","it":[{"ind":0,"ty":"sh","ix":1,"ks":{"a":0,"k":{"i":[[-5.312,-5.428],[0,0],[0,0],[-0.875,0.938],[0,0],[0,0],[8.875,9.125],[0,0],[0,0],[1.151,-0.983],[0,0],[0,0]],"o":[[6.071,6.204],[0,0],[0,0],[0.875,-0.938],[0,0],[0,0],[-8.875,-9.125],[0,0],[0,0],[-1.151,0.983],[0,0],[0,0]],"v":[[-73.188,100.178],[-59.25,108.25],[77.25,108.25],[79.438,107.375],[80.25,105.25],[80.25,-82.5],[72.875,-100.375],[55,-107.75],[-76.25,-107.75],[-78.974,-106.983],[-80,-104.75],[-80,86.375]],"c":true},"ix":2},"nm":"Path 1","mn":"ADBE Vector Shape - Group","hd":false},{"ty":"st","c":{"a":0,"k":[0.690196096897,0.831372618675,0.886274576187,1],"ix":3},"o":{"a":0,"k":100,"ix":4},"w":{"a":0,"k":4,"ix":5},"lc":2,"lj":1,"ml":4,"bm":0,"nm":"Stroke 1","mn":"ADBE Vector Graphic - Stroke","hd":false},{"ty":"tm","s":{"a":1,"k":[{"i":{"x":[0.801],"y":[0.614]},"o":{"x":[0.333],"y":[0]},"t":0,"s":[0]},{"t":17.5,"s":[100]}],"ix":1},"e":{"a":1,"k":[{"i":{"x":[0.854],"y":[0.526]},"o":{"x":[0.333],"y":[0]},"t":1.867,"s":[0]},{"t":19.599609375,"s":[100]}],"ix":2},"o":{"a":0,"k":0,"ix":3},"m":1,"ix":3,"nm":"Trim Paths 1","mn":"ADBE Vector Filter - Trim","hd":false},{"ty":"tr","p":{"a":0,"k":[0,0],"ix":2},"a":{"a":0,"k":[0,0],"ix":1},"s":{"a":0,"k":[100,100],"ix":3},"r":{"a":0,"k":0,"ix":6},"o":{"a":0,"k":100,"ix":7},"sk":{"a":0,"k":0,"ix":4},"sa":{"a":0,"k":0,"ix":5},"nm":"Transform"}],"nm":"Shape 2","np":3,"cix":2,"bm":0,"ix":1,"mn":"ADBE Vector Group","hd":false}],"ip":0,"op":450,"st":0,"bm":0},{"ddd":0,"ind":6,"ty":4,"nm":"Shape Layer 13","sr":1,"ks":{"o":{"a":0,"k":100,"ix":11},"r":{"a":0,"k":0,"ix":10},"p":{"a":0,"k":[300,300,0],"ix":2},"a":{"a":0,"k":[0,0,0],"ix":1},"s":{"a":0,"k":[100,100,100],"ix":6}},"ao":0,"shapes":[{"ty":"gr","it":[{"ind":0,"ty":"sh","ix":1,"ks":{"a":0,"k":{"i":[[0,0],[0,0],[1.151,-0.983],[0,0],[0,0],[-5.312,-5.428],[0,0],[0,0],[-0.875,0.938],[0,0],[0,0],[8.875,9.125]],"o":[[0,0],[0,0],[-1.151,0.983],[0,0],[0,0],[6.071,6.204],[0,0],[0,0],[0.875,-0.938],[0,0],[0,0],[-8.875,-9.125]],"v":[[55,-107.75],[-76.25,-107.75],[-78.974,-106.983],[-80,-104.75],[-80,86.375],[-73.188,100.178],[-59.25,108.25],[77.25,108.25],[79.438,107.375],[80.25,105.25],[80.25,-82.5],[72.875,-100.375]],"c":true},"ix":2},"nm":"Path 1","mn":"ADBE Vector Shape - Group","hd":false},{"ty":"st","c":{"a":0,"k":[0.898039221764,0.741176486015,1,1],"ix":3},"o":{"a":0,"k":100,"ix":4},"w":{"a":0,"k":4,"ix":5},"lc":2,"lj":1,"ml":4,"bm":0,"nm":"Stroke 1","mn":"ADBE Vector Graphic - Stroke","hd":false},{"ty":"tm","s":{"a":1,"k":[{"i":{"x":[0.667],"y":[1]},"o":{"x":[0.199],"y":[0.386]},"t":0,"s":[100]},{"t":17.5,"s":[0]}],"ix":1},"e":{"a":1,"k":[{"i":{"x":[0.833],"y":[1]},"o":{"x":[0.167],"y":[0]},"t":0,"s":[100]},{"i":{"x":[0.667],"y":[1]},"o":{"x":[0.146],"y":[0.474]},"t":1.867,"s":[100]},{"t":19.599609375,"s":[0]}],"ix":2},"o":{"a":0,"k":0,"ix":3},"m":1,"ix":3,"nm":"Trim Paths 1","mn":"ADBE Vector Filter - Trim","hd":false},{"ty":"tr","p":{"a":0,"k":[0,0],"ix":2},"a":{"a":0,"k":[0,0],"ix":1},"s":{"a":0,"k":[100,100],"ix":3},"r":{"a":0,"k":0,"ix":6},"o":{"a":0,"k":100,"ix":7},"sk":{"a":0,"k":0,"ix":4},"sa":{"a":0,"k":0,"ix":5},"nm":"Transform"}],"nm":"Shape 2","np":3,"cix":2,"bm":0,"ix":1,"mn":"ADBE Vector Group","hd":false}],"ip":0,"op":450,"st":0,"bm":0},{"ddd":0,"ind":7,"ty":0,"nm":"burst","refId":"comp_1","sr":0.7,"ks":{"o":{"a":0,"k":100,"ix":11},"r":{"a":1,"k":[{"i":{"x":[0.833],"y":[0.833]},"o":{"x":[0.167],"y":[0.167]},"t":5,"s":[0]},{"t":46.3,"s":[-41]}],"ix":10},"p":{"a":0,"k":[303,299,0],"ix":2},"a":{"a":0,"k":[200,200,0],"ix":1},"s":{"a":0,"k":[200,200,100],"ix":6}},"ao":0,"w":400,"h":400,"ip":5,"op":47,"st":5,"bm":0},{"ddd":0,"ind":8,"ty":2,"nm":"😉.png","cl":"png","parent":9,"refId":"image_2","sr":1,"ks":{"o":{"a":0,"k":100,"ix":11},"r":{"a":0,"k":0,"ix":10},"p":{"a":0,"k":[148,148,0],"ix":2},"a":{"a":0,"k":[56,56,0],"ix":1},"s":{"a":0,"k":[81.146,81.146,100],"ix":6}},"ao":0,"ip":0,"op":450,"st":0,"bm":0},{"ddd":0,"ind":9,"ty":1,"nm":"AF8DC0","sr":1,"ks":{"o":{"a":0,"k":100,"ix":11},"r":{"a":0,"k":0,"ix":10},"p":{"a":0,"k":[300,300,0],"ix":2},"a":{"a":0,"k":[148,148,0],"ix":1},"s":{"a":1,"k":[{"i":{"x":[0.476,0.476,0.667],"y":[1.007,1.007,1]},"o":{"x":[0.159,0.159,0.333],"y":[0.741,0.741,0]},"t":26,"s":[0,0,100]},{"t":45,"s":[100,100,100]}],"ix":6}},"ao":0,"hasMask":true,"masksProperties":[{"inv":false,"mode":"f","pt":{"a":0,"k":{"i":[[-1.864,0],[0,0],[0,-13.98],[0,0],[1.864,0],[0,0],[0,13.98],[0,0]],"o":[[0,0],[13.98,0],[0,0],[0,1.864],[0,0],[-13.98,0],[0,0],[0,-1.864]],"v":[[71.219,40],[202.844,40],[228.156,65.312],[228.156,252.625],[224.781,256],[93.156,256],[67.844,230.688],[67.844,43.375]],"c":true},"ix":1},"o":{"a":0,"k":100,"ix":3},"x":{"a":0,"k":0,"ix":4},"nm":"Mask 1"}],"sw":296,"sh":296,"sc":"#af8dc0","ip":17,"op":467,"st":17,"bm":0},{"ddd":0,"ind":10,"ty":4,"nm":"Shape Layer 12","sr":0.7,"ks":{"o":{"a":0,"k":100,"ix":11},"r":{"a":0,"k":180,"ix":10},"p":{"a":1,"k":[{"i":{"x":0.667,"y":1},"o":{"x":0.333,"y":0},"t":20.6,"s":[521,189,0],"to":[-10.167,18.5,0],"ti":[10.167,-18.5,0]},{"t":29,"s":[460,300,0]}],"ix":2},"a":{"a":0,"k":[0,-14,0],"ix":1},"s":{"a":0,"k":[100,100,100],"ix":6}},"ao":0,"shapes":[{"ty":"gr","it":[{"d":1,"ty":"el","s":{"a":0,"k":[18.965,18.965],"ix":2},"p":{"a":0,"k":[0,0],"ix":3},"nm":"Ellipse Path 1","mn":"ADBE Vector Shape - Ellipse","hd":false},{"ty":"fl","c":{"a":0,"k":[0.898039215686,0.741176470588,1,1],"ix":4},"o":{"a":0,"k":100,"ix":5},"r":1,"bm":0,"nm":"Fill 1","mn":"ADBE Vector Graphic - Fill","hd":false},{"ty":"tr","p":{"a":0,"k":[159.518,-14.518],"ix":2},"a":{"a":0,"k":[0,0],"ix":1},"s":{"a":1,"k":[{"i":{"x":[0.301,0.301],"y":[3.519,3.519]},"o":{"x":[0.079,0.079],"y":[0.626,0.626]},"t":15.7,"s":[0,0]},{"t":20.6,"s":[130.065,130.065]}],"ix":3},"r":{"a":0,"k":0,"ix":6},"o":{"a":0,"k":100,"ix":7},"sk":{"a":0,"k":0,"ix":4},"sa":{"a":0,"k":0,"ix":5},"nm":"Transform"}],"nm":"Ellipse 1","np":3,"cix":2,"bm":0,"ix":1,"mn":"ADBE Vector Group","hd":false}],"ip":1,"op":316,"st":1,"bm":0},{"ddd":0,"ind":11,"ty":4,"nm":"Shape Layer 9","sr":0.7,"ks":{"o":{"a":0,"k":100,"ix":11},"r":{"a":0,"k":0,"ix":10},"p":{"a":1,"k":[{"i":{"x":0.667,"y":1},"o":{"x":0.333,"y":0},"t":20.6,"s":[62.5,395.5,0],"to":[13.083,-15.917,0],"ti":[-13.083,15.917,0]},{"t":29,"s":[141,300,0]}],"ix":2},"a":{"a":0,"k":[0,-14,0],"ix":1},"s":{"a":0,"k":[100,100,100],"ix":6}},"ao":0,"shapes":[{"ty":"gr","it":[{"d":1,"ty":"el","s":{"a":0,"k":[18.965,18.965],"ix":2},"p":{"a":0,"k":[0,0],"ix":3},"nm":"Ellipse Path 1","mn":"ADBE Vector Shape - Ellipse","hd":false},{"ty":"fl","c":{"a":0,"k":[0.690196078431,0.83137254902,0.886274509804,1],"ix":4},"o":{"a":0,"k":100,"ix":5},"r":1,"bm":0,"nm":"Fill 1","mn":"ADBE Vector Graphic - Fill","hd":false},{"ty":"tr","p":{"a":0,"k":[159.518,-14.518],"ix":2},"a":{"a":0,"k":[0,0],"ix":1},"s":{"a":1,"k":[{"i":{"x":[0.301,0.301],"y":[3.519,3.519]},"o":{"x":[0.09,0.09],"y":[0.636,0.636]},"t":15.7,"s":[0,0]},{"t":20.6,"s":[130.065,130.065]}],"ix":3},"r":{"a":0,"k":0,"ix":6},"o":{"a":0,"k":100,"ix":7},"sk":{"a":0,"k":0,"ix":4},"sa":{"a":0,"k":0,"ix":5},"nm":"Transform"}],"nm":"Ellipse 1","np":3,"cix":2,"bm":0,"ix":1,"mn":"ADBE Vector Group","hd":false}],"ip":1,"op":316,"st":1,"bm":0}]}],"layers":[{"ddd":0,"ind":1,"ty":0,"nm":"playlist 3","refId":"comp_0","sr":1,"ks":{"o":{"a":0,"k":100,"ix":11},"r":{"a":0,"k":0,"ix":10},"p":{"a":0,"k":[292,512,0],"ix":2},"a":{"a":0,"k":[300,300,0],"ix":1},"s":{"a":0,"k":[70,70,100],"ix":6}},"ao":0,"w":600,"h":600,"ip":10,"op":460,"st":10,"bm":0},{"ddd":0,"ind":2,"ty":0,"nm":"playlist 2","refId":"comp_3","sr":1,"ks":{"o":{"a":0,"k":100,"ix":11},"r":{"a":0,"k":0,"ix":10},"p":{"a":0,"k":[590,406,0],"ix":2},"a":{"a":0,"k":[300,300,0],"ix":1},"s":{"a":0,"k":[110,110,100],"ix":6}},"ao":0,"w":600,"h":600,"ip":20,"op":470,"st":20,"bm":0},{"ddd":0,"ind":3,"ty":0,"nm":"playlist 1","refId":"comp_4","sr":1,"ks":{"o":{"a":0,"k":100,"ix":11},"r":{"a":0,"k":0,"ix":10},"p":{"a":0,"k":[222,206,0],"ix":2},"a":{"a":0,"k":[300,300,0],"ix":1},"s":{"a":0,"k":[90,90,100],"ix":6}},"ao":0,"w":600,"h":600,"ip":0,"op":450,"st":0,"bm":0}],"markers":[]}